{"stats":{"minecraft:killed_by":{"minecraft:skeleton":1},"minecraft:picked_up":{"minecraft:redstone_torch":1},"minecraft:used":{"alexsmobs:animal_dictionary":1},"minecraft:custom":{"minecraft:jump":29,"minecraft:time_since_rest":1,"minecraft:leave_game":1,"minecraft:deaths":1,"minecraft:damage_taken":240,"minecraft:damage_dealt":18,"minecraft:walk_on_water_one_cm":2610,"minecraft:sprint_one_cm":3031,"minecraft:play_time":1764,"minecraft:time_since_death":41,"minecraft:walk_one_cm":2293,"minecraft:climb_one_cm":925,"minecraft:total_world_time":1764,"minecraft:walk_under_water_one_cm":1777,"minecraft:swim_one_cm":15072,"minecraft:fall_one_cm":1521,"minecraft:fly_one_cm":6824}},"DataVersion":3465}