{"stats":{"minecraft:custom":{"minecraft:jump":55,"minecraft:time_since_rest":8833,"minecraft:damage_dealt":20,"minecraft:walk_on_water_one_cm":176,"minecraft:leave_game":3,"minecraft:play_time":8833,"minecraft:sprint_one_cm":3081,"minecraft:damage_taken":20,"minecraft:time_since_death":8833,"minecraft:walk_one_cm":1236,"minecraft:sneak_time":305,"minecraft:total_world_time":8833,"minecraft:walk_under_water_one_cm":96,"minecraft:fall_one_cm":2914,"minecraft:fly_one_cm":71124,"minecraft:damage_dealt_resisted":8}},"DataVersion":3465}