{"stats":{"minecraft:dropped":{"minecraft:dirt":1,"immersive_melodies:piano":1},"minecraft:custom":{"minecraft:jump":83,"minecraft:time_since_rest":20499,"minecraft:damage_dealt":85,"minecraft:damage_taken":20,"minecraft:leave_game":6,"minecraft:play_time":20499,"minecraft:crouch_one_cm":121,"minecraft:time_since_death":20499,"minecraft:sprint_one_cm":4916,"minecraft:walk_on_water_one_cm":176,"minecraft:walk_one_cm":4264,"minecraft:sneak_time":776,"minecraft:total_world_time":20499,"minecraft:walk_under_water_one_cm":96,"minecraft:fall_one_cm":2914,"minecraft:drop":2,"minecraft:fly_one_cm":184197,"minecraft:damage_dealt_resisted":8},"minecraft:used":{"minecraft:grass_block":1}},"DataVersion":3465}