{"stats":{"minecraft:mined":{"biomesoplenty:bush":6},"minecraft:picked_up":{"immersive_melodies:piano":1},"minecraft:custom":{"minecraft:jump":16,"minecraft:time_since_rest":3168,"minecraft:leave_game":1,"minecraft:crouch_one_cm":35,"minecraft:sprint_one_cm":302,"minecraft:play_time":3168,"minecraft:damage_taken":105,"minecraft:time_since_death":3168,"minecraft:walk_one_cm":5136,"minecraft:sneak_time":8,"minecraft:total_world_time":3168,"minecraft:fall_one_cm":1045,"minecraft:fly_one_cm":573}},"DataVersion":3465}