{"stats":{"minecraft:used":{"minecraft:dirt":7,"tombstone:gift":2,"alexsmobs:animal_dictionary":2},"minecraft:mined":{"minecraft:grass_block":4,"minecraft:dirt":4,"minecraft:spruce_leaves":1,"minecraft:fern":2},"minecraft:custom":{"minecraft:time_since_rest":905,"minecraft:crouch_one_cm":625,"minecraft:play_time":6580,"minecraft:sprint_one_cm":15879,"minecraft:walk_one_cm":11260,"minecraft:damage_taken":539,"minecraft:deaths":2,"minecraft:sneak_time":317,"minecraft:drop":4,"tombstone:tomb_raiding":1,"minecraft:jump":101,"minecraft:leave_game":1,"minecraft:damage_dealt":186,"minecraft:walk_on_water_one_cm":1260,"minecraft:time_since_death":3304,"minecraft:total_world_time":6580,"minecraft:fly_one_cm":13609,"minecraft:fall_one_cm":6585,"minecraft:player_kills":1},"minecraft:killed_by":{"minecraft:player":1},"minecraft:picked_up":{"man:cassette_1safetyinstructions":1,"minecraft:stone_axe":1,"minecraft:wooden_pickaxe":1,"tombstone:grave_key":2,"minecraft:spruce_sapling":1,"minecraft:spruce_log":7,"minecraft:dirt":7,"alexsmobs:animal_dictionary":1},"minecraft:dropped":{"tombstone:grave_dust":1,"tombstone:grave_key":3}},"DataVersion":3465}