{"stats":{"minecraft:used":{"minecraft:stone_pickaxe":51,"minecraft:wooden_pickaxe":12,"minecraft:stone_axe":112,"minecraft:crafting_table":1,"alexsmobs:animal_dictionary":1,"tombstone:gift":1,"minecraft:spruce_log":1},"minecraft:mined":{"minecraft:iron_ore":5,"minecraft:spruce_log":117,"minecraft:crafting_table":1,"minecraft:coal_ore":28,"minecraft:spruce_leaves":2,"minecraft:stone":30,"minecraft:fern":2},"minecraft:custom":{"minecraft:time_since_rest":5511,"minecraft:sprint_one_cm":25338,"minecraft:walk_one_cm":10388,"minecraft:damage_taken":547,"minecraft:drop":7,"minecraft:damage_dealt":271,"minecraft:interact_with_crafting_table":3,"minecraft:fly_one_cm":27016,"minecraft:player_kills":1,"minecraft:crouch_one_cm":206,"minecraft:play_time":8697,"minecraft:deaths":2,"minecraft:sneak_time":77,"tombstone:tomb_raiding":1,"minecraft:jump":170,"minecraft:leave_game":2,"minecraft:time_since_death":5729,"minecraft:total_world_time":8697,"minecraft:fall_one_cm":10287},"minecraft:killed_by":{"minecraft:player":1},"minecraft:picked_up":{"minecraft:raw_iron":5,"minecraft:stick":5,"minecraft:crafting_table":1,"tombstone:grave_key":3,"minecraft:spruce_sapling":3,"tombstone:grave_dust":1,"minecraft:spruce_log":110,"minecraft:coal":28,"minecraft:cobblestone":30},"minecraft:dropped":{"minecraft:stone_axe":1,"alexsmobs:animal_dictionary":1,"tombstone:grave_key":3,"man:cassette_1safetyinstructions":1,"minecraft:wooden_pickaxe":1},"minecraft:crafted":{"minecraft:crafting_table":1,"minecraft:spruce_planks":28,"minecraft:stick":12,"minecraft:wooden_pickaxe":1,"minecraft:stone_pickaxe":1,"minecraft:stone_axe":2}},"DataVersion":3465}