{"stats":{"minecraft:crafted":{"minecraft:crafting_table":1,"minecraft:spruce_planks":28,"minecraft:stick":12,"minecraft:wooden_pickaxe":1,"minecraft:stone_pickaxe":1,"minecraft:stone_axe":2},"minecraft:mined":{"minecraft:iron_ore":5,"minecraft:spruce_log":117,"minecraft:crafting_table":1,"minecraft:coal_ore":28,"minecraft:spruce_leaves":2,"minecraft:stone":30,"minecraft:fern":2},"minecraft:dropped":{"minecraft:stone_axe":1,"alexsmobs:animal_dictionary":1,"tombstone:grave_key":3,"man:cassette_1safetyinstructions":1,"minecraft:wooden_pickaxe":1},"minecraft:killed_by":{"minecraft:player":1},"minecraft:killed":{"undead_revamp2:thesmoker":1},"minecraft:used":{"minecraft:stone_pickaxe":51,"minecraft:wooden_pickaxe":12,"minecraft:stone_axe":117,"minecraft:crafting_table":1,"alexsmobs:animal_dictionary":1,"tombstone:gift":1,"minecraft:spruce_log":1},"minecraft:picked_up":{"minecraft:crafting_table":1,"minecraft:stick":5,"minecraft:raw_iron":5,"tombstone:grave_key":3,"minecraft:spruce_sapling":3,"tombstone:grave_dust":1,"minecraft:spruce_log":110,"minecraft:coal":28,"minecraft:cobblestone":30},"minecraft:custom":{"minecraft:time_since_rest":10342,"minecraft:sprint_one_cm":27035,"minecraft:damage_taken":547,"minecraft:walk_one_cm":11067,"minecraft:mob_kills":1,"minecraft:drop":7,"minecraft:damage_dealt":521,"minecraft:interact_with_crafting_table":3,"minecraft:fly_one_cm":54010,"minecraft:player_kills":1,"minecraft:crouch_one_cm":220,"minecraft:play_time":13528,"tombstone:undead_killed":1,"minecraft:deaths":2,"minecraft:sneak_time":220,"tombstone:tomb_raiding":1,"minecraft:jump":180,"minecraft:leave_game":3,"minecraft:time_since_death":10560,"minecraft:total_world_time":13528,"minecraft:fall_one_cm":10287}},"DataVersion":3465}